n200,valence
-13.087215374674638,-1.938202247
-18.58169292000777,-0.093632959
-2.2663864545471,1.985018727
-5.54649219602788,-0.074906367
-10.406298412428354,-1.947565543
-4.130970101869952,-1.020599251
-10.354013582182041,-0.028089888
-12.76106047964982,-1.039325843
-18.42090250617033,-0.964419476
-32.28661361675055,2.06928839
-8.829318382473144,0.112359551
-6.27597500024689,0.964419476
-6.410340623522553,3.061797753
-6.065477048536661,2.097378277
-9.796235369446581,0.028089888
-5.464856162762412,0.889513109
-25.373274191910717,1.076779026
-6.836776752782023,3.005617978
-9.64625852910883,0.983146067
-5.773919015029224,1.956928839
-14.124320244017357,-0.084269663
-10.411386735024376,-0.065543071
-13.441781665661297,-0.992509363
-20.85636495679977,3.88576779
-10.253407623642644,3.93258427
-6.813178316293121,-2.059925094
-5.244500156813378,-0.028089888
-7.190100143194032,3.679775281
-18.450682123995403,3.08988764
-11.360160088023852,1.142322097
-16.367116737696417,2.996254682
-10.78904330647949,1.985018727
3.598052883061708,3.014981273
-15.016917894321205,-0.037453184
-0.9295418871954481,-0.037453184
-21.999499524321667,-2.902621723
-13.376973060654786,-1.985018727
-24.023169786951378,2.883895131
-0.24395784741683543,-1.985018727
-4.135364789066548,3.801498127
0.8017944482679931,3.876404494
-10.047589873035166,-3.979400749
-7.549919134254535,-3.043071161
-25.40298817677067,1.029962547
-1.3162712118799262,3.838951311
-15.281941982713997,2.986891386
-11.040328105095798,0.95505618
-9.4049988900346,0.009363296
-11.325613123761732,-0.093632959
-33.37654123477897,-1.048689139
-19.878513771533566,2.059925094
-14.200019183513897,2.97752809
-6.310370231701633,1.966292135
-9.27007217386116,-0.102996255
-8.274553490873393,-0.009363296
-16.329188188915996,1.020599251
-7.607008973162672,0.037453184
-4.889125532378477,3.88576779
-5.963922738532024,-0.936329588
-11.120680994958459,2.93071161
-7.737155675674931,2.97752809
-11.474436899777059,3.014981273
-3.071079974567106,-2.041198502
-10.195395564173909,-0.018726592
-5.460265508180388,-1.235955056
-13.55719366904547,-0.093632959
-21.4981895293488,2.031835206
-12.840634269468381,1.994382022
-7.943845419074423,-2.968164794
-5.736418878405669,2.940074906
-6.979637942404783,3.005617978
-18.40832170613387,1.947565543
-19.43799988297749,-2.921348315
-4.342691883147052,-0.187265918
-2.195856024237413,2.958801498
-15.57590102956374,3.08988764
-13.143315431368187,2.003745318
-8.686036281281304,3.857677903
-15.675739329329117,-1.011235955
-21.637146407762465,1.039325843
-15.418764406943472,-1.029962547
-8.66160010585491,-1.001872659
-7.554766766030718,3.88576779
-8.946829339337544,-0.037453184
-22.401491145592853,-0.037453184
-15.57279258959144,3.033707865
-6.692769302385312,2.986891386
-18.174266548902647,-0.936329588
-8.679377272300336,-1.058052434
-15.822943531777874,0.992509363
-7.910740918334574,0.009363296
-9.017238926235905,3.970037453
-13.43674471680187,-0.065543071
-18.51469937943039,-1.076779026
-2.650510172769404,3.951310861
-19.272037801077268,0.018726592
-14.349970023684396,1.001872659
-15.597674312811579,0.964419476
-13.060019804753125,0.992509363
-15.847571796812822,3.88576779
-9.781319303417622,-0.565910474
-9.316122417253567,-1.987267014
-24.805092955664563,-1.092338822
-14.749043580228632,-2.974320167
-15.42091232566683,-2.513695362
-14.432788134581761,-2.632141741
-19.18970750187066,-1.250267327
-17.31087174406315,-2.23732048
-16.072499225214244,-3.408623554
-19.594257596749124,1.31607087
-10.870557852414478,-1.579285044
-14.466785997707973,-0.723838979
-1.9010202515692898,1.381874414
0.26632437094561556,-1.026535279
-27.198614361079784,-2.724266702
-9.114344702117462,-2.64530245
-15.426478461556504,4.0
-7.26386600791909,2.763748828
-18.4389433416819,1.105499531
0.9692829356867723,-2.513695362
-7.952124417750584,-0.579071183
-17.913625090256975,-0.144767796
-19.681943955874907,-2.303124023
-16.00143767435229,0.118446378
-8.269701957656146,0.658035435
-8.327039064912949,-2.382088275
-9.79768084524924,-2.43473111
-8.196503705499765,2.84271308
-0.5675481203501483,2.64530245
-11.91269816804384,1.250267327
-17.456027810809598,1.52664221
-26.972080313720525,1.066017405
-17.575309787995195,0.829124648
-2.8604602204390064,0.631714018
-6.614474990238857,-3.026963002
-33.6802309952746,-2.934838041
-20.7553099894099,0.329017718
-20.011885100105143,3.44810568
-7.062839524793546,3.895569776
-11.502071210212232,-0.394821261
-3.9276577677729323,-1.289749453
-6.477324422086477,-3.645516311
-12.303657740862118,-4.0
-11.040673946486736,0.381660552
-13.121408587132889,2.855873789
-5.2604011057413045,1.092338822
-5.018346506963271,-1.487160084
-9.394350271288397,0.026321417
-13.143836154758652,1.355552997
-24.119318299561968,-1.105499531
-22.000753852541624,-0.144767796
3.209482341716957,-0.276374883
-14.877218858596516,1.803017092
-22.731874840188077,1.697731423
-24.129870675986126,1.11866024
-5.079628060115262,-2.750588119
-7.4306454966915245,0.289535591
-9.791781677247126,3.777123398
-1.9252575855570786,-3.921891194
-12.987434128261635,1.092338822
-7.486649317243011,-0.723838979
-13.947559981942911,2.566338197
-13.627140519554324,-2.829552371
1.9673308348117828,-0.3026963
-6.89974125992735,-2.816391663
-7.0648013104012914,-1.816177801
4.324483572906126,1.671410005
-14.799145784526477,2.487373945
-10.865163419001076,-0.579071183
-12.531908064688913,-0.144767796
1.007093725095288,2.13203481
-19.394590394185013,-1.250267327
-10.266092946905848,-1.289749453
-11.23603553826912,1.210785201
0.778251871741284,0.565910474
1.4638684968500921,0.329017718
-14.563038938366242,0.131607087
-15.962544224439132,-3.369141428
-22.117372244986687,1.368713705
-8.77805568962095,-1.42135654
-24.37286712447672,-3.421784263
1.112258477238527,-0.263214174
-9.075885824513207,-2.355766858
-11.820497321700802,-1.131820949
-17.870976414063033,1.342392288
-14.268711068251159,0.250053465
-9.792964726938646,-2.461052528
-13.232144612284733,-2.276802606
-20.001422978393347,-2.105713393
-11.386774225272232,-0.342178426
-9.613674390633783,0.6053926
-8.10819584971688,-2.329445441
-16.857988785019963,-4.0
-9.415839403424593,0.789642522
-11.35164192042466,-0.157928504
-18.57915583744412,-1.31607087
-9.205518083077422,-4.0
-10.221775188470588,-1.789856384
-16.433885661409906,1.052856696
-11.726298689856538,-0.365168539
-18.685153521281165,-1.582397004
-18.174707636808154,-1.853932584
-8.886099022664107,-1.685393258
-15.372039773103879,-0.79588015
-11.942930373825297,-1.554307116
-6.9313363990976,-1.488764045
-14.487085778685111,-1.451310861
-6.402967824226495,-0.617977528
-23.89147590039686,1.132958801
-3.0868203624193913,-0.486891386
-4.146649638924199,-1.245318352
-24.93335392285917,-0.018726592
-3.6266684611243547,-1.582397004
-6.587730355756141,-1.647940075
-0.9542719841993456,0.683520599
-2.960532579188044,-0.411985019
-10.56266176744645,0.533707865
19.47483186681206,-0.440074906
-13.82929983062855,-2.097378277
-15.776421107693505,-1.357677903
-22.80710736839914,-1.142322097
0.1524389698703485,-0.421348315
-7.263569802246103,1.329588015
-32.95307287508271,-2.247191011
-22.183608461595213,0.655430712
-13.76410608363414,1.189138577
-16.533690074321623,1.076779026
-11.459958844651355,1.376404494
-37.41150202993274,0.280898876
-1.8009541689743434,1.507490637
-6.9698120493536635,0.43071161
15.194878413110393,-1.423220974
-5.0871194656117815,-0.739700375
-24.362844696229214,-1.170411985
4.6899306494342055,1.498127341
-12.292091412623764,1.5917603
-0.27465612681232376,0.084269663
4.645487089121229,1.647940075
14.005080437120588,0.112359551
-14.91859457619682,-2.294007491
-8.068617709971091,-1.320224719
-21.157519225352086,0.43071161
-17.402786732016065,1.189138577
-23.94765233871201,0.271535581
-2.630115992312498,-0.43071161
-19.298313009656688,-0.102996255
-13.879261361616528,-0.271535581
-20.166756393474603,0.308988764
-29.199061950815572,0.215355805
-9.961522068575178,0.63670412
-12.053874042200562,0.533707865
-7.651689606436262,-1.132958801
-20.596823437700568,0.47752809
-3.736239439019091,-1.235955056
-4.529475723228956,-0.271535581
-19.23239150159871,0.842696629
-11.058344677378052,-2.200374532
-3.189676493573615,0.58988764
-5.682448997800803,-0.168539326
-12.890159381784578,0.468164794
-20.320146351417616,-0.561797753
-17.90412150703066,-0.046816479
-10.366745265307333,-1.001872659
-5.436164599180225,-0.655430712
-12.582251261486446,0.617977528
-13.306545582257781,0.758426966
-8.910022746919976,1.020599251
-11.186736443489783,-0.646067416
-7.993777945001097,0.833333333
-5.162770653017376,0.280898876
-0.8882952433145221,-1.573033708
-17.1978828581208,-0.327715356
-8.141152736726722,0.63670412
-3.478602296171643,-0.449438202
-19.8162295919292,1.86329588
-14.478447654666525,0.599250936
-2.019162188212562,-1.470037453
-3.891573692533144,-0.168539326
-8.893218241645254,-0.505617978
-11.81258044380965,-1.582397004
-2.1854685823841646,2.378277154
4.239895419440672,-0.805243446
-4.676166246342239,-1.151685393
-4.2648639665260015,1.217228464
-5.031403854454393,0.63670412
-13.22584924569434,0.74906367
-3.5313762674040214,-1.367041199
-17.78064521520347,0.730337079
-10.599937981615739,-0.814606742
-6.762301640273979,1.404494382
-9.599773720505166,1.039325843
-23.36810027961034,-1.329588015
-6.879413501254496,0.674157303
-1.684763297268659,-0.514981273
-2.6757412110589955,-0.149812734
10.308177098031285,-1.001872659
5.092472418908308,-2.425093633
-12.318604879484573,0.758426966
-6.247936903622674,-2.40721399
-20.11387742995712,-0.510049313
-8.181645305572928,-1.217155314
-12.20963639873823,0.955875697
-23.201301439770578,-1.713485432
-14.141514498636628,-0.408473783
-17.68255337480466,0.733790023
-18.3075329603438,0.349430841
-21.399927031707286,-0.346832847
-19.780455095077453,-0.338137052
-19.093217879943634,-1.229952123
-11.42362280142068,0.817288174
7.3253519936143245,0.539740516
-5.506180802265695,-0.999965025
-22.635779146288424,-0.426734039
-10.161388077242274,-0.527012286
-13.092817026433776,-1.462716663
-2.3905127640405635,-1.252125944
-13.499214375641573,2.254660389
-14.60288356633309,3.016612307
-12.298639995250117,-1.974206131
-5.210264477214594,0.732666473
-7.1765504039908015,-2.40721399
0.6128264440968605,-0.510049313
3.8215086238324703,-1.409899537
-8.646544972848563,-1.264458703
-7.195372929494721,-1.217155314
-8.491049837761839,-1.389589917
3.517259649044768,0.955875697
-3.946855073351182,-1.534597561
4.468284174419042,-1.713485432
-17.531726517576978,-0.408473783
-13.644983048215247,0.733790023
-2.0592981271250665,0.349430841
-0.739823383749091,-0.346832847
-4.9013934147459555,-0.338137052
5.011369917840262,-2.09956137
-6.069996396645476,-1.229952123
-8.988327838300577,0.817288174
-22.15186618725064,-2.307796407
-13.055814263102427,1.460923327
-6.317519984652561,-0.358576971
-20.269120760420872,2.034224035
-3.1620277588977617,-0.544730769
-0.984588505284709,3.08397386
-14.379093088522884,-2.160148478
-8.128203632767432,1.390019678
-19.62467062548348,-1.396469516
-22.693545937019792,0.474912951
-19.21757003415089,1.545306145
-9.962463355774087,-1.120572322
-14.33810722942226,-1.283012704
-3.0116783897390254,0.867605602
-16.745157658290587,0.557071529
3.0972876724442515,1.16055035
-19.720648664661162,-2.025229922
-22.382344739723628,3.922954659
-0.8943118198025463,1.535156479
-16.235968266731707,-1.467170858
-8.873516479317368,1.995829036
-15.72941874884494,-3.031375042
-14.42703842432039,-2.05581265
-19.594840001031038,-1.501894604
-22.475883280716896,-0.467856189
-17.243195883821837,-1.303772658
-18.216981239941322,-1.225289906
-10.63212205936859,2.15164356
-12.374288342447914,-1.005421613
-17.391900362805686,-0.509833289
-11.791365348395617,1.086950409
6.301652036958744,2.375399129
-15.003759532833316,-1.872835195
-15.608904658222317,-1.776521947
-11.52859931651391,2.003397852
-16.643369037921424,0.495908359
1.4697635145843029,2.236901901
-21.753757978950077,0.669399076
-16.638794328440387,-3.05507017
-16.431595536405027,0.494927681
-17.196463574020413,-2.080199281
-19.54106166358816,0.622748329
-17.20520091460277,0.413884652
-8.794196771230236,-0.776627787
-12.33182125110394,1.11423221
-13.608308352269338,-0.215355805
-15.16624792407016,1.413857678
-17.668561447838705,1.5917603
-15.414718629439385,-1.06741573
-18.563739705435413,-3.867041199
-10.829979136395599,2.921348315
-6.59297520841524,-0.786516854
-15.00071729775834,-3.829588015
-13.914668439092242,1.872659176
-13.778277857326557,1.395131086
-13.45946999127606,1.441947566
-17.42370087598792,2.602996255
-7.592014166015411,2.874531835
-22.46259463699073,0.74906367
-3.8761237007174825,-3.998127341
-32.26104866470532,2.734082397
-37.10344137989513,2.855805243
-16.389565996102924,3.014981273
-22.348566349136465,1.404494382
-23.38030378010596,-0.252808989
-12.694165262302688,-3.895131086
-6.090252540545533,-0.009363296
-13.055042817176037,2.921348315
-44.92614676195872,4.0
-10.765369355826108,-3.782771536
-13.66116281575368,1.938202247
-21.117621012891387,2.893258427
-24.94335213651733,3.689138577
-15.847664470514177,3.033707865
-7.648973204224599,1.947565543
-12.97589445659457,2.687265918
-12.448266320048607,3.876404494
-10.811587781377847,0.299625468
-7.615536677953831,1.245318352
-16.429905010148868,-3.754681648
-24.688702617146408,3.923220974
-16.397574530469562,2.790262172
-23.748424034799346,1.788389513
-10.248990914721603,3.024344569
-17.68765372105006,2.097378277
-14.380039162388277,-3.829588015
-11.045762384239778,-3.867041199
-28.255696996113716,2.827715356
-18.589628716339952,2.958801498
-33.4712618052817,2.808988764
-15.68480662544677,-0.252808989
-22.114483994414034,0.674157303
-13.855714002336446,1.666666667
-17.050150469243476,3.005617978
-18.56434334857059,2.893258427
-16.270722979823002,2.911985019
3.036727580933942,3.661048689
-16.51157606022379,2.724719101
-22.062888956716755,2.471910112
-27.129195925752107,-0.599250936
-0.7542507842034919,2.509363296
-28.50485700222775,2.911985019
-27.732234777167175,-3.632958801
-6.3479657174240005,2.940074906
-4.464764298351764,2.228464419
-10.17428960406322,2.902621723
-20.38248991663184,-3.923220974
-20.932193157688992,1.198501873
-8.561808990955592,-1.029962547
-2.5201754936570353,-0.468164794
-10.93301678850723,2.209737828
-15.982137818314534,2.378277154
-14.398574569202154,0.215355805
-8.264847588033,0.15917603
-15.47187812540723,2.902621723
-15.706511227445615,2.743445693
-25.095192805017426,-3.024344569
-16.767326720748766,0.561797753
-8.256166060156906,2.34082397
-32.90777219562925,2.631086142
-18.223882663316356,3.061797753
-5.846388279839237,0.63670412
-14.34538763977576,-3.88576779
-23.444288261029314,2.350187266
-25.445394558375142,1.357677903
-13.4321836773937,-3.904494382
-10.51901770788971,0.692883895
-24.45517914897506,-0.149812734
-2.962461092630726,-1.301498127
-20.8395585718638,2.986891386
-28.51515078441467,3.024344569
-21.272898102731215,1.27340824
-5.48252096307263,-3.904494382
-19.781577931797624,2.106741573
-23.361160602307855,0.608614232
-22.825365209568258,2.940074906
-16.005607646108597,1.713483146
-24.757776249494487,-0.47752809
-12.214530738160432,2.219101124
-26.14932265150687,-2.059925094
-17.617208382505595,2.762172285
-6.549625163619434,1.27340824
-21.174637512768456,1.647940075
-12.09665318340172,2.911985019
-0.8769714905479193,0.71067827
-0.7099625022881055,-1.092338822
2.2330015107828673,-1.289749453
-22.15012897385984,-1.000213862
-17.409498144351282,-1.408195831
-6.740749191318207,-3.000641585
-5.396230095691874,-1.408195831
-5.339929648876043,-1.960945597
-31.300529271267163,-3.395462846
-9.10064999125264,1.539802918
-7.810143447051331,0.947571027
-19.380604927250438,1.223945909
-15.03313939360883,1.579285044
-21.783792175861862,1.697731423
-7.244992579667015,-1.434517249
-14.149770797400578,-3.487587807
-18.83052277684801,1.276588744
-1.205208655956932,1.210785201
-6.858652460109791,2.408409693
-11.328741487825255,-1.210785201
15.077677184034583,-2.053070558
-15.840893190932437,-3.026963002
-19.63803293756298,-2.43473111
-13.037597691162471,0.723838979
-20.960060992542395,1.250267327
-8.851206835964776,-3.461266389
-15.253079606088537,0.157928504
-12.542166597741565,1.645088588
-18.262270439259773,1.72405284
4.0586792150447675,1.552963627
-3.9091495488774375,1.750374258
-9.155042054137724,-1.223945909
-10.703939453948284,1.01337457
-19.834589539907178,-2.053070558
-0.5814301431711457,-0.500106931
-16.082298784808284,-3.053284419
-3.015871943300559,2.43473111
0.016922034110965715,1.11866024
3.3113070943599348,1.42135654
-14.557263594701585,-0.171089213
3.4333914496837683,0.960731735
-6.674731767689586,-3.632355602
-14.936805200885033,0.092124961
-11.807388038077034,0.539589057
1.7717558134528657,0.315857009
-5.783783672193547,0.947571027
-19.04530799432487,0.315857009
-20.063061274319615,1.026535279
-4.223232945405112,0.934410318
-15.152079008710627,1.697731423
-25.38819894464034,1.381874414
-20.961682420545678,2.092552684
9.65527503608843,0.421142679
-15.61722296379445,1.250267327
-0.01157439216391699,1.131820949
2.5331166100395723,2.474213236
-17.662545127069453,-0.263214174
-18.458536929356722,1.276588744
-18.693562724514994,-2.711105993
-7.4409644615840795,1.579285044
-4.382634596093215,0.723838979
-21.96534542620574,1.197624492
-4.045040552382323,-2.210999062
-10.063161367715924,-0.750160396
-13.447047288679247,-1.881981345
3.2817043884157044,-1.11866024
-7.709645146143801,0.881767483
-20.39665400781683,1.171303075
-13.193681160047916,-1.184463783
-3.3480853328804954,-1.816177801
-5.027999573683541,0.40798197
-10.617243497203255,1.737213549
-14.006878625534371,0.381660552
-3.1332081122483384,-1.816177801
-8.1967580989683,0.394821261
-11.408316975400838,1.684570714
-19.707428012440552,2.145195519
-14.552394112484148,-0.052642835
-4.582013076546667,-2.895355915
-4.29949459602353,0.855446066
1.7773808644917308,1.381874414
-6.005722674803047,-3.461266389
-5.196991829393958,-0.6053926
-6.73056425661594,0.644874727
-7.780592920802107,-1.039695988
-3.889366555849173,1.000213862
-1.1994260062005506,1.092338822
-5.119580332193756,0.592231892
-16.309523635116832,-2.592659615
-32.52460233782098,-1.816177801
-14.476354209677929,1.329231579
2.223990191526513,1.789856384
-2.9998808155104406,-3.079605837
-10.440603344262925,-1.592445753
-9.694757000485597,0.513267639
-28.25671133940291,2.263641897
-6.171938285369913,-0.921249609
-1.6670452651735252,0.736999687
-4.950216299036275,1.31607087
-21.191370871740133,-0.40798197
-15.679924539070665,-0.27387669
-23.37661290496276,-2.28698459
-1.227815019062195,-2.389981416
10.563872973446337,-2.577247334
-19.48386584196155,-3.007958801
-19.176753817283615,-2.530430854
-24.678552961880015,-1.49110444
-26.103845284960737,-3.504213055
-7.8267059865412145,-3.007958801
-8.416848984462217,0.596910112
-10.649049808093448,0.184925665
-27.148455933907993,-0.27387669
-4.336059198816811,0.802902336
-5.9851289892290085,0.896535295
-11.031228304122235,-1.547284787
-3.617444636610313,-1.210206278
-18.95437085719444,1.439606742
-1.1091253661839906,1.458333048
-15.386207450340375,0.47518698
-3.582086680438783,-3.036048261
1.9584251171120275,-2.071629213
-2.563693219275027,-2.193351631
-24.79360034302563,-2.343164937
-18.9856780525847,1.683053006
-9.43184332655911,1.308521171
-11.674445023683074,-3.363763616
-13.647010851298248,0.615636418
-14.64758457242336,1.383427824
-18.50920982197585,2.919007776
-5.545115084857857,0.484550848
-4.34108286491128,1.448970609
-23.837596295301445,-1.547284787
3.558784652589117,1.35533765
-13.491027254453542,-0.479868914
3.387763794745397,-2.315074763
-12.81458995839434,-3.232678045
-6.9991242203169275,2.675561512
-5.475139733975286,2.516385768
5.2885798926786025,1.308521171
-12.733346540206032,-0.414326128
1.4422415218851818,2.123127627
-15.709516957217405,-3.448033422
-14.608682727516534,-2.614699946
-24.686115007986615,-0.80758427
-12.941696809092939,3.237359265
-13.310604465891958,0.390917889
-21.38409100093991,-2.137171999
-9.333205019210013,-0.629680791
-4.71251568498424,-0.442414873
-1.5582596698937883,2.001404494
-38.40769301812049,0.550093633
-10.703293461006195,2.272940932
-16.220763855592043,2.263577065
-13.712984028586826,0.5594575
-15.508833502213252,1.514513394
-22.143556761936203,3.817884752
-17.985134522543103,-0.339419476
-13.872432761204767,2.404026503
-14.66815334397611,-3.457396575
-14.491154082019742,1.814138577
-10.064781257977376,-0.217696343
-7.193096018881556,1.879681362
-6.1858162632704,-2.35252809
-11.990721944976443,0.278558624
-16.926038643887104,-3.326311004
-14.125384887362575,-0.152153558
-9.153688107866435,0.671816765
-1.6989887834496906,2.076311147
-14.266377827263593,0.634364153
-20.985154801205294,1.205524345
-17.263823366173067,0.437734368
-5.841894071021652,0.465824542
-27.027695783664477,-0.414326128
-15.95430432772373,-2.371254396
-7.141131602271987,1.561329874
-0.06835847356347648,1.205524345
-6.081683835287545,3.20927052
6.916815010757636,3.462079223
-13.328259754695608,-1.416198502
-21.5239654065428,0.578183806
-14.215415771124695,-0.367509649
-7.146815107139444,-2.146535152
-16.8118741336659,-1.425561655
-12.731305670693642,-2.446161049
-7.636338145176703,-2.90496269
1.1980724744767817,2.301029677
1.678264680327659,2.179307973
-24.37162183820055,1.317883609
-4.858770685991982,-3.326311004
-12.41619188560666,1.139981559
-12.239473391748636,2.1512178
-17.61695610627468,3.050093347
-27.621431016269273,-0.358145782
-11.075241993998025,-3.448033422
-13.39241392697954,0.540731194
-14.69144674033907,1.486423221
-10.367555702002258,0.512641021
-5.631192773147967,-2.174625325
-15.785355289379913,3.143726306
-17.897489255140393,3.761704406
-15.616008158768194,1.947565543
-19.609638063933048,-1.073657928
-38.53481721505639,0.087390762
-8.98182686438085,-3.29588015
-12.206846997892841,-2.958801498
-20.807417525394193,-3.171036205
-16.001203643986944,0.262172285
-3.192817031815671,1.760299625
-20.59821188483246,0.024968789
-6.799271249210708,0.823970037
-11.506024017575143,-0.062421973
-6.018545090708548,-3.895131086
-8.943288750015027,3.620474407
-12.009295337691336,1.922596754
-16.787973338061047,1.672908864
-11.489052988745936,-0.124843945
-7.894207250265461,-1.972534332
-10.86537441714172,-2.009987516
-7.228575762335244,-3.645443196
-8.305370330522422,1.198501873
-5.655815029823175,1.098626717
-12.852484410717421,-2.509363296
-5.700917940066276,-0.199750312
-12.901846787859135,3.058676654
-12.143238224479024,3.420724095
-4.440406144542403,1.260923845
-17.693826171905002,2.646691635
-7.700375611731535,-0.099875156
-5.904029350677052,2.52184769
-0.6584591158684342,-3.757802747
-9.397086328700304,-0.998751561
-8.990964496664162,-3.383270911
-11.811064160479345,2.234706617
-2.6104968479299924,2.746566792
-10.08430476089592,0.936329588
-10.496536315563082,-0.262172285
-2.7253164817164492,2.734082397
-9.686459232663852,-3.782771536
-14.75368240177798,-3.083645443
-15.71010525323959,-0.024968789
1.0472287140311105,1.922596754
-15.643838995182243,0.024968789
-8.333969072864368,0.74906367
-15.080709474430313,0.024968789
-21.212850609401855,1.223470662
-10.406883097386512,0.436953808
3.8034423650794498,0.287141074
-13.068452510944057,3.04619226
-16.4470764824305,2.02247191
-6.359615313607143,0.649188514
-2.436322190965994,-0.099875156
-11.854700276189519,0.012484395
-12.92945375526248,2.059925094
-10.123520130928524,-3.370786517
-16.11296868239494,1.947565543
-12.072615234319013,1.985018727
-12.19493986921595,-3.370786517
-11.449358579215954,-0.948813983
-17.771627530084636,-3.183520599
-6.344981549684269,-0.062421973
-14.09852649278228,1.186017478
-4.826354013066118,2.397003745
1.2708245329945753,-1.310861423
-7.877056630200251,-0.037453184
-14.81231814556219,0.012484395
-9.027098866375884,1.448189763
-21.393017952806478,-3.93258427
3.2858553606440086,1.747815231
-11.595283796367484,2.397003745
-10.408566449582832,1.685393258
-0.6126089788295184,0.774032459
-21.486171843073755,-3.707865169
-11.463330678565132,0.848938826
-19.01267635752268,0.312109863
-14.39017065321556,-0.087390762
-9.625511270306708,-1.161048689
-13.406768301018184,-1.872659176
-12.54718396610052,3.583021223
0.34802553086275345,0.973782772
-14.416897402676707,-0.099875156
-5.87168574087532,-3.520599251
-16.270281775270398,-0.112359551
-11.214453652432937,0.811485643
1.3451048938065517,3.508114856
-8.578354422722823,-1.148564295
-23.641029560519975,-0.174781523
-0.04703469029483013,1.148564295
-10.394229540069112,2.79650437
-9.835897846414035,0.711610487
-8.21671894722105,-0.162297129
-4.695527061290201,1.52309613
-10.92563405418496,-0.062421973
-11.892354244808663,-3.93258427
-7.717609413494519,-1.5917603
-14.925862887947355,-3.792134831
-7.842388395654996,-2.846441948
-17.980851467506728,-3.13670412
-7.940632975891144,0.112359551
-7.503232021141791,-3.923220974
-15.702492223321936,-3.764044944
-19.151034497378756,-1.676029963
-11.681537981485366,-1.198501873
-7.014650250585498,0.018726592
-20.35456737396851,-3.445692884
-11.519234452832452,-0.79588015
-8.971124737428655,0.720973783
-8.342219736688389,2.471910112
-20.457698681571486,-0.674157303
-27.71162907616065,1.376404494
-13.393556031639784,0.327715356
-18.515360665760088,-1.498127341
-3.7699966340447033,-0.449438202
-21.22872999168753,0.290262172
-31.432969068442162,0.861423221
-6.92622678672896,-2.949438202
-12.43762429160225,0.168539326
-14.514176678193659,2.041198502
-12.488533616664814,-0.627340824
-20.963861044507674,2.425093633
-18.654667616569338,1.732209738
-9.289259386395642,2.471910112
-17.685469398687488,0.823970037
-11.047604381641811,-1.994382022
-17.283296451991085,2.116104869
-19.656393340022703,0.674157303
-14.804336208628648,1.217228464
-31.965449202300366,-1.985018727
-13.997502821874578,-0.814606742
-7.809563299869923,-2.65917603
-12.991787518042564,2.490636704
-13.603671633067558,-3.717228464
-15.714981954227914,-1.666666667
-9.654795323029399,0.945692884
-11.34449303671344,-3.960674157
-14.396356832908404,-0.926966292
-18.92951742035404,1.076779026
-13.338439810023086,2.425093633
-18.01479504590865,-1.797752809
-14.132126571194586,-0.15917603
-11.563651802683696,2.200374532
-10.419731984119638,1.357677903
-11.539428129371386,0.533707865
-16.80421338013795,0.870786517
-9.589142792735686,-1.891385768
-17.514090542865528,1.441947566
-13.286649386219326,-2.668539326
-10.381778501941657,1.694756554
-10.575048890244721,-3.876404494
-13.11508111623335,-1.816479401
-15.419095458233405,1.91011236
-3.518773789169131,-3.08988764
-12.09417154764934,1.310861423
-11.559408898670297,-2.275280899
-1.7982791022795788,0.561797753
-15.453388100188572,1.320224719
-27.549892654944376,-0.833333333
-22.172689333064092,-3.642322097
-8.811947791647837,-2.031835206
-11.18466014570594,1.189138577
-12.422381757990447,2.209737828
-25.37762696121529,-3.642322097
-19.018155370439736,-1.891385768
-14.103926188015665,0.889513109
-11.057195745194038,1.498127341
-11.231139508322055,1.207865169
-13.881417622154387,2.059925094
-10.939577276869263,-3.642322097
-26.532278836224926,-2.565543071
-2.1488338973439096,1.22659176
-8.261133120823324,-3.024344569
-24.46353264372607,0.449438202
-13.208938874791455,-2.734082397
-36.359195110882276,0.093632959
-24.651986320959193,1.629213483
-0.7267177084150505,-3.754681648
-4.714595238339682,1.694756554
-14.060606393076743,1.235955056
-12.333674007515095,2.209737828
-16.828526240181663,0.514981273
-17.7317592138555,-0.187265918
-6.3619208968272245,-1.919475655
-26.028504201797325,1.06741573
-12.202112125148288,2.256554307
-15.169647665743414,1.282771536
-8.259065247675132,-2.762172285
-14.975291020628532,0.805243446
-14.496088275899126,-1.779026217
-0.9634988172903756,2.031835206
-16.058016123294177,-3.998127341
-21.71381215778474,-3.61423221
1.179317751042932,1.217228464
-14.067058874140507,-0.411985019
-8.330191638806923,-2.013108614
-11.898164061585263,-0.936329588
-4.235260493869964,-0.308988764
-3.8070598855355366,0.093632959
-10.917119279640477,-3.904494382
-15.353401672112767,-0.299625468
-0.882474314530247,-2.078651685
-8.769637074014835,-2.874531835
-6.1855998008851,1.900749064
-9.390018694258554,-0.065543071
-14.592317973536522,0.692883895
-9.701802339462928,1.441947566
-6.177259528651396,0.823970037
-14.13069710715516,-1.835205993
-7.403617520681228,-3.670411985
-1.9957413412439593,1.104868914
-1.9908518915208366,1.320224719
-11.532821550726545,1.38576779
-1.695858317992661,-0.655430712
-5.638508576451402,-1.928838951
-6.042295361678404,-3.642322097
-3.9699949628334554,-2.584269663
1.439164147105434,0.720973783
-0.45386977958812297,1.132958801
-9.572272719572284,-3.951310861
-9.81654227825136,0.337078652
-19.711640489946305,2.209737828
-4.4894324656401015,2.790262172
-3.093234669656276,1.816479401
-9.833927306767622,0.79588015
-11.177205636171681,-0.683520599
-7.802651187046637,1.470037453
-5.915891527393363,-0.552434457
-16.142324317090686,-0.617977528
-7.648813348379133,-3.717228464
-9.773196121035008,3.043071161
-0.2275198083598201,1.11423221
-23.349342386253294,0.271535581
-11.529147559844963,0.402621723
-6.544429842810146,2.602996255
-12.566401602826707,-3.492509363
-5.709008021438917,-3.651685393
-6.888251658940025,1.526217228
-2.746869535590303,1.994382022
-3.114665863149609,1.769662921
-4.5135117204693715,-0.440074906
-5.933272559184937,0.786516854
-9.66402916885624,-0.486891386
-5.431895648409991,0.945692884
0.22162057040081048,1.357677903
-10.2664415114426,1.06741573
-13.098980693046487,1.638576779
-3.498043430612477,1.048689139
-12.304753321842984,1.292134831
-2.682689384446125,-0.458801498
-0.3922297925922631,0.262172285
-5.380568891956985,2.116104869
-5.140263194785403,-3.829588015
-3.4539181547221958,1.104868914
-9.202650560654469,0.739700375
-17.04189481258057,1.43258427
-9.965991664994409,-2.041198502
-5.0796339560523736,-0.543071161
-14.003813424485456,-0.514981273
-5.981490974060878,-0.374531835
-17.715399762379494,0.964419476
-8.951730936535713,1.179775281
8.21006774402306,-0.374531835
-9.24614734779595,-0.683520599
-9.165084044133241,-0.505617978
-5.966161498060663,0.290262172
-28.216523036812823,-0.514981273
-9.382762286516689,-1.338951311
-12.522453934626627,0.9082397
-11.217484771272813,1.573033708
-10.94977061589036,1.638576779
-3.4320591999210888,1.563670412
-3.42169030500964,-3.501872659
-7.785030243111395,-0.552434457
-0.13336012789475962,-0.814606742
-5.18596249571395,-3.520599251
-2.98305018305875,-0.383895131
-12.165494342162647,-0.205992509
-8.088314584960031,-0.421348315
-11.31241862588096,2.593632959
-17.437132084507574,0.093632959
0.7887951908887986,-0.486891386
-4.720275701762528,-0.43071161
-14.888456645679607,0.31835206
-13.545671924200136,1.395131086
-10.095532734976247,0.411985019
-14.941417110854305,-0.468164794
-14.37653354751616,0.852059925
-7.367232766205346,-0.833333333
-7.758311406205521,-0.308988764
-2.8148631574013425,0.74906367
-10.251136317215728,-0.402621723
-11.445373110265445,-1.463968085
-21.883984959073867,0.468469787
-22.32658591523864,0.546548085
-10.427120797759214,0.048798936
-16.67662181460565,-2.371628299
-14.076433137267037,-0.878380851
-13.164300969927412,1.30781149
-4.066689072511955,-3.864875746
-18.550255879743563,-1.883638937
-15.517421915051335,0.927179787
-11.537692545601233,-0.097597872
-9.27229560281548,0.780782979
-10.54242390134211,0.702704681
-22.777740343439866,-0.761263404
-1.279340562750599,-3.757518086
-20.039215023563045,0.653905745
-12.623357486326963,1.424928937
-5.2341908341541945,-1.805560639
-14.314730809677886,-1.356610426
-19.98585942512833,-2.147153192
-20.38665952713112,-2.937695958
-22.49858416475886,-0.078078298
-16.409679346014723,0.126877234
-12.834821621174843,-2.381388086
-3.7789962730851214,-3.962473618
-6.619948866894578,1.102855958
-11.143312654635071,0.712464468
-9.777753392089028,0.419670851
-15.731246633293722,0.195195745
-33.50516123644756,-0.195195745
-8.912419995672298,1.20045383
-10.777415180834893,-1.093096171
-16.404169942922362,-0.234234894
-12.567299482305744,-2.186192341
-13.851834184900984,1.59084532
-20.98774502252868,1.219973405
-14.942360480489112,1.210213617
-11.375067284052315,-0.068318511
-17.150284226449493,1.122375532
-13.262938572428169,-3.259768937
-11.688623413965777,-0.097597872
-16.745758596726187,0.068318511
-21.28836107045507,0.888140639
-17.479559564650163,0.117117447
-9.288117574007304,-0.039039149
-12.782473126061562,-0.156156596
-10.987900708541446,-0.702704681
-23.523438637068192,0.927179787
-10.28364243762804,0.195195745
-15.572739686964358,0.810062341
-15.837192626811909,0.370871915
-28.113697161249142,0.956459149
-3.842143337822589,-1.912918298
-18.10028578026754,0.263514255
-7.463071845765709,0.91742
-17.385185537932028,-3.25000915
-9.405959179975993,-0.165916383
-0.7821111384107731,0.614866596
-6.468607224300634,0.888140639
-4.399876312273836,-3.718478937
-10.660310762896431,0.692944894
-10.15973237066218,-0.975978724
-20.307341994709766,-0.117117447
-17.473616891858658,1.493247447
-7.990276810111634,0.751503617
-11.272857359032662,2.996254682
-14.496784821421466,0.136637021
-2.7825015855797095,0.409911064
-17.072034333927558,-0.068318511
-10.945303731787892,0.361112128
-15.433398695765797,-0.74174383
-8.746123959702718,0.683185107
-15.945395945692493,0.702704681
-20.761961011290936,1.02477766
-16.57617634901124,0.292793617
-14.835924206312566,-3.845356171
-18.26645042292837,0.312313192
-18.093724600879533,-2.205711915
-4.169773522616163,-0.068318511
-17.226293017811223,-0.165916383
-7.772628720273236,-0.009759787
-9.659538416827031,1.005258085
-15.887852627385778,1.073576596
-11.755521461220896,-3.855115958
-6.774271344326813,-3.054813405
-12.854296008271646,0.019519574
-10.187791620027562,1.093096171
-16.767709395660706,3.201210214
-10.738404205010536,0.243994681
-14.298469140063252,0.439190426
-7.471101845769085,0.751503617
-14.606945883236444,0.087838085
-26.763047317593216,0.546548085
-14.458171698325852,0.936939575
-20.868604097248628,0.956459149
-11.957412511747316,0.829581915
-14.710831497959253,-1.02372035
-16.15294707050843,-1.235955056
-31.10983641698065,-0.187265918
-3.949515767224359,-0.424469413
-3.514887530671512,-0.012484395
-25.26661320880495,-1.735330836
-10.777868666265777,-0.998751561
-23.340042915193767,-0.986267166
-21.33952149438619,-2.784019975
-18.15235310796039,1.535580524
-15.611002112158861,0.848938826
-1.836413105828883,0.024968789
-9.716258241136526,-0.174781523
-3.9075699550235026,2.009987516
-9.404626330766732,-0.524344569
-9.482140478656335,-1.722846442
-8.944728010439297,1.660424469
-16.30286874656967,1.210986267
-7.201412302685837,1.011235955
-10.490560759349846,-1.061173533
-8.81014626639405,-0.074906367
-9.953227857740915,-1.885143571
-11.521596214626973,-2.359550562
-11.385211767025737,0.312109863
-12.52035039076395,1.02372035
-0.9550970887163135,-2.122347066
-14.300992842680222,0.898876404
-16.414748299761094,2.79650437
-24.322323789008966,0.774032459
-24.690735588232652,1.086142322
-15.839594694081162,-1.38576779
-14.838074020923496,1.872659176
0.7921380054792697,-0.149812734
-10.11921022199224,-0.199750312
-13.104558500466688,-3.021223471
-1.5005816356940116,2.072409488
-20.03245721127876,2.359550562
-4.830483703428461,1.260923845
-23.455066616899348,1.036204744
-0.3387272708748691,1.398252185
-8.08657055965297,-1.77278402
-23.301159681147105,-2.172284644
-5.076688529703249,1.02372035
-3.779765815813183,1.660424469
-14.832743529402098,1.660424469
-8.001323474480897,-0.74906367
-15.747444775425329,0.524344569
-21.09396560008635,-0.087390762
-25.178721181638963,1.310861423
-8.326386117227049,1.872659176
4.652468458109494,1.398252185
-12.300478175302931,1.573033708
-14.624198189686236,1.460674157
-16.44677606816154,-1.27340824
-5.609059508288502,-0.037453184
-0.9904977907041479,1.63545568
-24.33917401130769,-1.298377029
-8.387822806043191,0.948813983
-4.719647125214027,0.911360799
-20.6914418039054,1.086142322
-12.133197533903573,-2.15980025
-0.2186514188302907,-0.38701623
-6.491948558475367,-0.711610487
-8.780129714582204,-1.1360799
-23.298951916601798,2.034956305
-7.713434848395338,1.298377029
-11.48240595359191,-1.335830212
-11.7060463121407,-1.885143571
-2.708553351865893,-2.047440699
-17.442839269528864,2.02247191
-9.482163998809044,-1.52309613
-30.699308630058255,1.036204744
-8.986663146266947,-0.411985019
-10.375968884911618,-1.535580524
-8.929786629674702,0.012484395
-8.626139260034854,-0.287141074
-16.226873734922297,-0.24968789
-4.517147217396902,1.348314607
-8.420672398217906,0.986267166
-7.447834262549613,-0.112359551
-16.632283476836097,1.960049938
-13.849596446207912,-1.173533084
-8.144562707288408,-1.186017478
-8.774742762961496,1.073657928
-12.545994077441058,2.109862672
-7.164697380742806,0.811485643
-8.003413708043382,-0.224719101
-18.901660697137284,1.885143571
-20.62838478937938,-0.049937578
-15.593535288426786,-0.318351488
-12.895660778933596,0.093633245
-11.554905154667608,-0.646067416
-19.509643154375308,-0.730337079
-13.471794883685064,-1.142321812
-12.433741113227837,-2.453182949
-14.054091673769975,0.730337079
-8.269687071026064,-1.3951308
-5.634187176971293,-2.986890814
-7.04360814022806,1.226592332
-16.500372810699353,0.421348315
-11.082886987979004,0.945693455
-13.571457085242834,0.842696629
-7.115675824047067,0.674157303
-7.444990996878594,-0.777153272
-11.582741695471958,-2.041198216
-15.452436582343788,1.1048692
-5.9287035029007455,1.460674157
-2.2471305644493533,-1.179775281
-14.42291753312279,-0.47752809
-1.6136305252517262,-1.797752809
-15.102885567148801,-2.640449438
-3.430505810666246,-2.23782743
-7.523016146978915,1.376404494
-7.481353234410626,1.872659748
-9.26758060074783,-2.593632387
-9.8415382433982,-0.093632387
-7.3874118217092954,1.816479972
-13.943300855705044,1.338951882
-6.330351839211386,1.273409383
-7.425378279827178,1.06741573
-11.649911079494139,-0.252808989
-12.997624956824582,0.852060211
-22.771552483449913,-1.207865169
-9.725403776217625,-0.80524316
-15.79438671119606,-2.471910112
-16.160474172012286,1.235955056
-23.709576477210554,0.636704691
-6.082100529900829,0.870786517
-0.11506390543810838,1.320224719
-19.804852843693215,1.142322669
-23.63125901617612,-3.052434171
-13.717929644945967,-1.825842697
-11.567145677502085,0.655430997
-13.460549818239368,2.340825113
-10.968317193694487,0.730337079
-26.272407271898032,-1.207865169
-17.71948739243856,0.720974354
-13.955735707380805,-1.769662921
-7.586616427463088,1.029963118
-4.896751154971542,1.273409383
-9.727513303659853,0.926966292
-6.238682147070675,1.179775281
-4.484215020416732,0.861423792
-6.010372002778105,1.376404494
-11.326223550941997,-2.818351488
-14.646623787581541,-0.580524059
-8.148909155424017,1.348314607
-3.261629687334287,-2.902621151
-6.638544241402674,1.385768933
-8.802656715581731,0.917603568
-0.45456267322915206,1.507491208
-10.054914064735978,-1.338951025
-9.357978563260987,-1.011235955
-2.4031177994867035,-1.835205421
-5.1224555505821625,-0.299625182
1.1039499183898769,0.73970066
-8.24715049900548,1.554308259
-4.516894649563782,0.711610773
5.767878045529895,0.655430997
-11.389201581220766,1.001873231
-14.206307811431868,1.048689424
-30.63130675299727,-1.61048632
-16.607865086126008,-1.985018441
-15.992789403546439,1.30149927
-15.912116292340336,1.376404494
-11.062645688772623,1.254682219
-15.091268209227222,0.983146067
-9.83637855234894,-3.239699803
-1.673499998839317,0.646067416
-9.000680927314585,-1.619849902
-26.32801550082603,-2.705991938
-2.675263328295154,0.683520885
-9.69550495899202,-2.08801441
-7.741649800197629,-2.715355519
-13.351426207885966,1.376404494
-9.823158870794106,1.573033708
-7.045195274297107,-1.647939789
-11.433326881430974,-2.696629213
-10.371462642002472,0.505617978
-17.17702517861836,0.992509649
-13.465771951245424,2.191011236
-7.7845468956698545,-1.329587443
-7.247888527346527,-1.526216657
-11.061422942998558,1.06741573
-4.729013231541075,0.730337079
-10.069275897416006,-0.252808989
-15.337678122406077,-1.423220688
-6.841363222683326,1.610488034
-18.382826148499884,1.423221545
